# Roda 1;Roda 2;Roda 3;Roda 4;Roda 5;Roda 6;Roda 7;Roda 8;Roda 9;Roda 10;Roda 11;Roda 12;Roda 13;Roda 14;Roda 15;Roda 16;Roda 17;Roda 18;Roda 19;Roda 20;Roda 21;Roda 22;Roda 23;Roda 24;Roda 25;Roda 26;Roda 27;Roda 28;Roda 29;Roda 30;Roda 31;Roda 32;Roda 33;Roda 34;Roda 35;Roda 36;Roda 37;Roda 38;Roda 39;Roda 40;Roda 41;Roda 42;Roda 43;Roda 44;Roda 45;Roda 46;Roda 47;Roda 48;Roda 49;Roda 50;Roda 51;Roda 52;Roda 53;Roda 54;Roda 55;Roda 56;Roda 57;Roda 58;Roda 59;Roda 60;Roda 61;Roda 62;Roda 63;Roda 64;Roda 65;Roda 66;Roda 67;Roda 68;Roda 69;Roda 70;Roda 71;Roda 72;Roda 73;Roda 74;Roda 75;Roda 76;Roda 77;Roda 78;Roda 79;Roda 80;Roda 81;Roda 82;Roda 83;Roda 84;Roda 85;Roda 86;Roda 87;Roda 88;Roda 89;Roda 90;Roda 91;Roda 92;Roda 93;Roda 94;Roda 95;Roda 96;Roda 97;Roda 98;Roda 99;Roda 100
58.58303375244141;0.0;53.00251693725586;0.0;53.30763549804688;0.0;59.13706512451172;0.0;55.009890747070315;0.0;53.29158325195313;0.0;54.30330200195313;0.0;52.311980438232425;0.0;55.571963500976565;0.0;51.32434768676758;0.0;51.83824081420899;0.0;51.67764587402344;0.0;52.42439575195313;0.0;54.0142318725586;0.0;54.415713500976565;0.0;52.962371063232425;0.0;54.889453125;0.0;52.51272125244141;0.0;53.01857299804688;0.0;51.1958724975586;0.0;53.13098831176758;0.0;53.91788024902344;0.0;53.08280868530274;0.0;51.854296875;0.0;54.08650512695313;0.0;55.266841125488284;0.0;56.3989974975586;0.0;54.07847137451172;0.0;55.20260925292969;0.0;53.179167938232425;0.0;53.78940887451172;0.0;53.08280868530274;0.0;54.198916625976565;0.0;53.29158325195313;0.0;54.8814193725586;0.0;55.033984375;0.0;52.97842712402344;0.0;54.33542175292969;0.0;55.339106750488284;0.0;54.26314849853516;0.0;55.323046875;0.0;53.00251693725586;0.0;53.09084243774414;0.0;51.99882431030274;0.0;53.17113418579102;0.0;53.17113418579102;0.0;0.0;0.0;0.0;0.0;0.0;0.0;0.0;0.0
Peak;;Peak;;Mid;;Peak;;Peak;;Peak;;Peak;;Peak;;Peak;;Peak;;Peak;;Peak;;Peak;;Peak;;Peak;;Peak;;Peak;;Peak;;Peak;;Peak;;Peak;;Peak;;Peak;;Peak;;Peak;;Peak;;Peak;;Peak;;Peak;;Peak;;Peak;;Peak;;Peak;;Peak;;Peak;;Peak;;Peak;;Peak;;Peak;;Peak;;Peak;;Peak;;Peak;;Peak;;Peak;;Peak;;;;;;;;;
