# Roda 1;Roda 2;Roda 3;Roda 4;Roda 5;Roda 6;Roda 7;Roda 8;Roda 9;Roda 10;Roda 11;Roda 12;Roda 13;Roda 14;Roda 15;Roda 16;Roda 17;Roda 18;Roda 19;Roda 20;Roda 21;Roda 22;Roda 23;Roda 24;Roda 25;Roda 26;Roda 27;Roda 28;Roda 29;Roda 30;Roda 31;Roda 32;Roda 33;Roda 34;Roda 35;Roda 36;Roda 37;Roda 38;Roda 39;Roda 40;Roda 41;Roda 42;Roda 43;Roda 44;Roda 45;Roda 46;Roda 47;Roda 48;Roda 49;Roda 50;Roda 51;Roda 52;Roda 53;Roda 54;Roda 55;Roda 56;Roda 57;Roda 58;Roda 59;Roda 60;Roda 61;Roda 62;Roda 63;Roda 64;Roda 65;Roda 66;Roda 67;Roda 68;Roda 69;Roda 70;Roda 71;Roda 72;Roda 73;Roda 74;Roda 75;Roda 76;Roda 77;Roda 78;Roda 79;Roda 80;Roda 81;Roda 82;Roda 83;Roda 84;Roda 85;Roda 86;Roda 87;Roda 88;Roda 89;Roda 90;Roda 91;Roda 92;Roda 93;Roda 94;Roda 95;Roda 96;Roda 97;Roda 98;Roda 99;Roda 100
44.564674377441406;0.0;44.853729248046875;0.0;43.05512237548828;0.0;41.11198043823242;0.0;38.20529556274414;0.0;42.07551574707031;0.0;38.35785675048828;0.0;45.359588623046875;0.0;41.882808685302734;0.0;44.925994873046875;0.0;41.657989501953125;0.0;46.61219787597656;0.0;42.22808074951172;0.0;42.91059112548828;0.0;42.541229248046875;0.0;41.64995574951172;0.0;0.0;0.0;0.0;0.0;0.0;0.0;0.0;0.0;0.0;0.0;0.0;0.0;0.0;0.0;0.0;0.0;0.0;0.0;0.0;0.0;0.0;0.0;0.0;0.0;0.0;0.0;0.0;0.0;0.0;0.0;0.0;0.0;0.0;0.0;0.0;0.0;0.0;0.0;0.0;0.0;0.0;0.0;0.0;0.0;0.0;0.0;0.0;0.0;0.0;0.0;0.0;0.0;0.0;0.0;0.0;0.0;0.0;0.0;0.0;0.0;0.0;0.0;0.0;0.0;0.0;0.0;0.0;0.0
Peak;;Max;;Peak;;Max;;Max;;Max;;Max;;Max;;Max;;Max;;Max;;Max;;Max;;Mid;;Max;;Mid;;;;;;;;;;;;;;;;;;;;;;;;;;;;;;;;;;;;;;;;;;;;;;;;;;;;;;;;;;;;;;;;;;;;;
