# Roda 1;Roda 2;Roda 3;Roda 4;Roda 5;Roda 6;Roda 7;Roda 8;Roda 9;Roda 10;Roda 11;Roda 12;Roda 13;Roda 14;Roda 15;Roda 16;Roda 17;Roda 18;Roda 19;Roda 20;Roda 21;Roda 22;Roda 23;Roda 24;Roda 25;Roda 26;Roda 27;Roda 28;Roda 29;Roda 30;Roda 31;Roda 32;Roda 33;Roda 34;Roda 35;Roda 36;Roda 37;Roda 38;Roda 39;Roda 40;Roda 41;Roda 42;Roda 43;Roda 44;Roda 45;Roda 46;Roda 47;Roda 48;Roda 49;Roda 50;Roda 51;Roda 52;Roda 53;Roda 54;Roda 55;Roda 56;Roda 57;Roda 58;Roda 59;Roda 60;Roda 61;Roda 62;Roda 63;Roda 64;Roda 65;Roda 66;Roda 67;Roda 68;Roda 69;Roda 70;Roda 71;Roda 72;Roda 73;Roda 74;Roda 75;Roda 76;Roda 77;Roda 78;Roda 79;Roda 80;Roda 81;Roda 82;Roda 83;Roda 84;Roda 85;Roda 86;Roda 87;Roda 88;Roda 89;Roda 90;Roda 91;Roda 92;Roda 93;Roda 94;Roda 95;Roda 96;Roda 97;Roda 98;Roda 99;Roda 100
43.04592056274414;0.0;48.30525512695313;0.0;41.52834243774414;0.0;41.761199188232425;0.0;40.26770706176758;0.0;40.26770706176758;0.0;40.075;0.0;41.19913024902344;0.0;41.80134506225586;0.0;41.263369750976565;0.0;41.35169143676758;0.0;42.13858337402344;0.0;42.194792938232425;0.0;41.64075393676758;0.0;42.73276824951172;0.0;42.00208206176758;0.0;0.0;0.0;0.0;0.0;0.0;0.0;0.0;0.0;0.0;0.0;0.0;0.0;0.0;0.0;0.0;0.0;0.0;0.0;0.0;0.0;0.0;0.0;0.0;0.0;0.0;0.0;0.0;0.0;0.0;0.0;0.0;0.0;0.0;0.0;0.0;0.0;0.0;0.0;0.0;0.0;0.0;0.0;0.0;0.0;0.0;0.0;0.0;0.0;0.0;0.0;0.0;0.0;0.0;0.0;0.0;0.0;0.0;0.0;0.0;0.0;0.0;0.0;0.0;0.0;0.0;0.0;47.75121231079102;0.0
Peak;;Peak;;Mid;;Mid;;Max;;Max;;Max;;Max;;Max;;Mid;;Max;;Max;;Max;;Mid;;Max;;Mid;;;;;;;;;;;;;;;;;;;;;;;;;;;;;;;;;;;;;;;;;;;;;;;;;;;;;;;;;;;;;;;;;;;;Mid;
