# Roda 1;Roda 2;Roda 3;Roda 4;Roda 5;Roda 6;Roda 7;Roda 8;Roda 9;Roda 10;Roda 11;Roda 12;Roda 13;Roda 14;Roda 15;Roda 16;Roda 17;Roda 18;Roda 19;Roda 20;Roda 21;Roda 22;Roda 23;Roda 24;Roda 25;Roda 26;Roda 27;Roda 28;Roda 29;Roda 30;Roda 31;Roda 32;Roda 33;Roda 34;Roda 35;Roda 36;Roda 37;Roda 38;Roda 39;Roda 40;Roda 41;Roda 42;Roda 43;Roda 44;Roda 45;Roda 46;Roda 47;Roda 48;Roda 49;Roda 50;Roda 51;Roda 52;Roda 53;Roda 54;Roda 55;Roda 56;Roda 57;Roda 58;Roda 59;Roda 60;Roda 61;Roda 62;Roda 63;Roda 64;Roda 65;Roda 66;Roda 67;Roda 68;Roda 69;Roda 70;Roda 71;Roda 72;Roda 73;Roda 74;Roda 75;Roda 76;Roda 77;Roda 78;Roda 79;Roda 80;Roda 81;Roda 82;Roda 83;Roda 84;Roda 85;Roda 86;Roda 87;Roda 88;Roda 89;Roda 90;Roda 91;Roda 92;Roda 93;Roda 94;Roda 95;Roda 96;Roda 97;Roda 98;Roda 99;Roda 100;Roda 101;Roda 102;Roda 103;Roda 104;Roda 105;Roda 106;Roda 107;Roda 108;Roda 109;Roda 110
43.833984375;0.0;45.142791748046875;0.0;43.665367126464844;0.0;48.61957550048828;0.0;41.45724868774414;0.0;40.9754753112793;0.0;42.26020050048828;0.0;42.179908752441406;0.0;45.65668487548828;0.0;46.5078125;0.0;44.797523498535156;0.0;42.902557373046875;0.0;43.625213623046875;0.0;48.29839324951172;0.0;45.937713623046875;0.0;44.59678649902344;0.0;0.0;0.0;0.0;0.0;0.0;0.0;0.0;0.0;0.0;0.0;0.0;0.0;0.0;0.0;0.0;0.0;0.0;0.0;0.0;0.0;0.0;0.0;0.0;0.0;0.0;0.0;0.0;0.0;0.0;0.0;0.0;0.0;0.0;0.0;0.0;0.0;0.0;0.0;0.0;0.0;0.0;0.0;0.0;0.0;0.0;0.0;0.0;0.0;0.0;0.0;0.0;0.0;0.0;0.0;0.0;0.0;0.0;0.0;0.0;0.0;0.0;0.0;0.0;0.0;0.0;0.0;0.0;0.0;0.0;0.0;0.0;0.0;0.0;0.0;0.0;0.0;0.0;0.0
Mid;;Mid;;Mid;;Peak;;Max;;Max;;Max;;Max;;Mid;;Mid;;Mid;;Mid;;Mid;;Peak;;Mid;;Mid;;;;;;;;;;;;;;;;;;;;;;;;;;;;;;;;;;;;;;;;;;;;;;;;;;;;;;;;;;;;;;;;;;;;;;;;;;;;;;;
